<?xml version="1.0" encoding="UTF-8"?>
<project-private xmlns="http://www.netbeans.org/ns/project-private/1">
    <open-files xmlns="http://www.netbeans.org/ns/projectui-open-files/2">
        <group>
            <file>file:/C:/Users/User/Downloads/Logs/src/Login/Login.java</file>
            <file>file:/C:/Users/User/Downloads/Logs/src/Gui/FrmTabla.java</file>
            <file>file:/C:/Users/User/Downloads/Logs/src/Gui/Registro.java</file>
            <file>file:/C:/Users/User/Downloads/Logs/src/Beans/Tabla.java</file>
        </group>
    </open-files>
</project-private>
